ip,info,time_zone,latitude,longitude,address
1.143.208.186,"{'ip': '1.143.208.186', 'country_code': 'AU', 'country_name': 'Australia', 'region_code': 'WA', 'region_name': 'Western Australia', 'city': 'Perth', 'zip_code': '6001', 'time_zone': 'Australia/Perth', 'latitude': -31.9633, 'longitude': 115.8608, 'metro_code': 0}",Australia/Perth,-31.9633,115.8608,"{'natural': 'Perth Water', 'road': 'Warndoolier Boulevard', 'suburb': 'Burswood', 'city': 'Perth', 'state': 'Western Australia', 'postcode': '6001', 'country': 'Australia', 'country_code': 'au'}"
103.106.93.42,"{'ip': '103.106.93.42', 'country_code': 'NZ', 'country_name': 'New Zealand', 'region_code': 'WGN', 'region_name': 'Wellington', 'city': 'Upper Hutt', 'zip_code': '5018', 'time_zone': 'Pacific/Auckland', 'latitude': -41.1087, 'longitude': 175.0937, 'metro_code': 0}",Pacific/Auckland,-41.1087,175.0937,"{'road': 'Hutt River Trail (east side) Petone to Te Marua', 'suburb': 'Maoribank', 'city': 'Upper Hutt', 'county': 'Upper Hutt City', 'state': 'Wellington', 'postcode': '6007', 'country': 'New Zealand', 'country_code': 'nz'}"
106.6.64.208,"{'ip': '106.6.64.208', 'country_code': 'CN', 'country_name': 'China', 'region_code': 'JX', 'region_name': 'Jiangxi', 'city': 'Ganzhou', 'zip_code': '', 'time_zone': 'Asia/Shanghai', 'latitude': 25.8443, 'longitude': 114.9321, 'metro_code': 0}",Asia/Shanghai,25.8443,114.9321,"{'road': '章江北大道', 'neighbourhood': '滨江豪园', 'town': '南外街道', 'county': '章贡区 (Zhanggong)', 'city': '赣州市', 'state': '江西省', 'country': 'China 中国', 'country_code': 'cn'}"
107.72.38.102,"{'ip': '107.72.38.102', 'country_code': 'US', 'country_name': 'United States', 'region_code': '', 'region_name': '', 'city': '', 'zip_code': '', 'time_zone': 'America/Chicago', 'latitude': 37.751, 'longitude': -97.822, 'metro_code': 0}",America/Chicago,37.751,-97.822,"{'county': 'Reno County', 'state': 'Kansas', 'country': 'United States of America', 'country_code': 'us'}"
109.22.239.44,"{'ip': '109.22.239.44', 'country_code': 'FR', 'country_name': 'France', 'region_code': 'PAC', 'region_name': ""Provence-Alpes-CÃ´te d'Azur"", 'city': 'Sollies-Pont', 'zip_code': '83210', 'time_zone': 'Europe/Paris', 'latitude': 43.1923, 'longitude': 6.0441, 'metro_code': 0}",Europe/Paris,43.1923,6.0441,"{'natural': 'Lac du Château', 'road': 'Allée des Glaïeuls', 'hamlet': 'Les Laugiers', 'village': 'Solliès-Pont', 'municipality': 'Toulon', 'county': 'Var', 'state': ""Provence-Alpes-Côte d'Azur"", 'country': 'France', 'postcode': '83210', 'country_code': 'fr'}"
111.58.251.136,"{'ip': '111.58.251.136', 'country_code': 'CN', 'country_name': 'China', 'region_code': 'GX', 'region_name': 'Guangxi', 'city': 'Nanning', 'zip_code': '', 'time_zone': 'Asia/Shanghai', 'latitude': 22.8137, 'longitude': 108.3146, 'metro_code': 0}",Asia/Shanghai,22.8137,108.3146,"{'road': '邕江大桥', 'town': '中山街道', 'city': '南宁市', 'county': '江南区 / Jiangnan', 'state': '广西壮族自治区', 'postcode': '530021', 'country': 'China 中国', 'country_code': 'cn'}"
112.233.175.24,"{'ip': '112.233.175.24', 'country_code': 'CN', 'country_name': 'China', 'region_code': '', 'region_name': '', 'city': '', 'zip_code': '', 'time_zone': 'Asia/Shanghai', 'latitude': 34.7725, 'longitude': 113.7266, 'metro_code': 0}",Asia/Shanghai,34.7725,113.7266,"{'road': '商务内环路', 'quarter': '如意湖街道', 'district': '金水区', 'city': '郑州市', 'state': '河南省', 'postcode': '450003', 'country': 'China 中国', 'country_code': 'cn'}"
112.68.77.127,"{'ip': '112.68.77.127', 'country_code': 'JP', 'country_name': 'Japan', 'region_code': '28', 'region_name': 'HyÅ�go', 'city': 'Nagaya', 'zip_code': '673-0413', 'time_zone': 'Asia/Tokyo', 'latitude': 34.8, 'longitude': 135, 'metro_code': 0}",Asia/Tokyo,34.8,135.0,
123.217.255.241,"{'ip': '123.217.255.241', 'country_code': 'JP', 'country_name': 'Japan', 'region_code': '11', 'region_name': 'Saitama', 'city': 'Koshigaya', 'zip_code': '343-0041', 'time_zone': 'Asia/Tokyo', 'latitude': 35.9263, 'longitude': 139.7878, 'metro_code': 0}",Asia/Tokyo,35.9263,139.7878,"{'city': '越谷市', 'postcode': '343-0042', 'country': '日本 (Japan)', 'country_code': 'jp'}"
128.223.177.212,"{'ip': '128.223.177.212', 'country_code': 'US', 'country_name': 'United States', 'region_code': 'OR', 'region_name': 'Oregon', 'city': 'Eugene', 'zip_code': '97405', 'time_zone': 'America/Los_Angeles', 'latitude': 44.0197, 'longitude': -123.1008, 'metro_code': 801}",America/Los_Angeles,44.0197,-123.1008,"{'house_number': '567', 'road': 'Mary Lane', 'neighbourhood': 'Woodfield Microhood', 'suburb': 'College Hill', 'city': 'Eugene', 'county': 'Lane County', 'state': 'Oregon', 'postcode': '97405', 'country': 'United States of America', 'country_code': 'us'}"
128.96.12.169,"{'ip': '128.96.12.169', 'country_code': 'US', 'country_name': 'United States', 'region_code': '', 'region_name': '', 'city': '', 'zip_code': '', 'time_zone': 'America/Chicago', 'latitude': 37.751, 'longitude': -97.822, 'metro_code': 0}",America/Chicago,37.751,-97.822,"{'county': 'Reno County', 'state': 'Kansas', 'country': 'United States of America', 'country_code': 'us'}"
131.127.153.172,"{'ip': '131.127.153.172', 'country_code': 'US', 'country_name': 'United States', 'region_code': '', 'region_name': '', 'city': '', 'zip_code': '', 'time_zone': 'America/Chicago', 'latitude': 37.751, 'longitude': -97.822, 'metro_code': 0}",America/Chicago,37.751,-97.822,"{'county': 'Reno County', 'state': 'Kansas', 'country': 'United States of America', 'country_code': 'us'}"
131.67.19.12,"{'ip': '131.67.19.12', 'country_code': 'US', 'country_name': 'United States', 'region_code': '', 'region_name': '', 'city': '', 'zip_code': '', 'time_zone': 'America/Chicago', 'latitude': 37.751, 'longitude': -97.822, 'metro_code': 0}",America/Chicago,37.751,-97.822,"{'county': 'Reno County', 'state': 'Kansas', 'country': 'United States of America', 'country_code': 'us'}"
133.152.204.30,"{'ip': '133.152.204.30', 'country_code': 'JP', 'country_name': 'Japan', 'region_code': '', 'region_name': '', 'city': '', 'zip_code': '', 'time_zone': 'Asia/Tokyo', 'latitude': 35.69, 'longitude': 139.69, 'metro_code': 0}",Asia/Tokyo,35.69,139.69,"{'amenity': '新宿ナイアガラの滝', 'road': '水の広場', 'quarter': '歌舞伎町', 'city': '東京都', 'country': '日本 (Japan)', 'country_code': 'jp'}"
133.56.100.131,"{'ip': '133.56.100.131', 'country_code': 'JP', 'country_name': 'Japan', 'region_code': '', 'region_name': '', 'city': '', 'zip_code': '', 'time_zone': 'Asia/Tokyo', 'latitude': 35.69, 'longitude': 139.69, 'metro_code': 0}",Asia/Tokyo,35.69,139.69,"{'amenity': '新宿ナイアガラの滝', 'road': '水の広場', 'quarter': '歌舞伎町', 'city': '東京都', 'country': '日本 (Japan)', 'country_code': 'jp'}"
14.67.138.14,"{'ip': '14.67.138.14', 'country_code': 'KR', 'country_name': 'South Korea', 'region_code': '', 'region_name': '', 'city': '', 'zip_code': '', 'time_zone': 'Asia/Seoul', 'latitude': 37.5112, 'longitude': 126.9741, 'metro_code': 0}",Asia/Seoul,37.5112,126.9741,"{'road': '올림픽대로', 'hamlet': '비계', 'borough': '동작구', 'city': '노량진1동', 'postcode': '06981', 'country': '대한민국', 'country_code': 'kr'}"
143.96.101.199,"{'ip': '143.96.101.199', 'country_code': 'NZ', 'country_name': 'New Zealand', 'region_code': '', 'region_name': '', 'city': '', 'zip_code': '', 'time_zone': 'Pacific/Auckland', 'latitude': -41, 'longitude': 174, 'metro_code': 0}",Pacific/Auckland,-41.0,174.0,"{'state': 'Marlborough', 'country': 'New Zealand', 'country_code': 'nz'}"
146.225.9.202,"{'ip': '146.225.9.202', 'country_code': 'US', 'country_name': 'United States', 'region_code': '', 'region_name': '', 'city': '', 'zip_code': '', 'time_zone': 'America/Chicago', 'latitude': 37.751, 'longitude': -97.822, 'metro_code': 0}",America/Chicago,37.751,-97.822,"{'county': 'Reno County', 'state': 'Kansas', 'country': 'United States of America', 'country_code': 'us'}"
149.3.34.66,"{'ip': '149.3.34.66', 'country_code': 'GE', 'country_name': 'Georgia', 'region_code': 'TB', 'region_name': ""K'alak'i T'bilisi"", 'city': 'Tbilisi', 'zip_code': '', 'time_zone': 'Asia/Tbilisi', 'latitude': 41.6959, 'longitude': 44.832, 'metro_code': 0}",Asia/Tbilisi,41.6959,44.832,"{'neighbourhood': 'დოლაბაური', 'suburb': 'ისნის რაიონი', 'city': 'თბილისი', 'postcode': '0144', 'country': 'Georgia / საქართველო', 'country_code': 'ge'}"
156.114.156.2,"{'ip': '156.114.156.2', 'country_code': 'NL', 'country_name': 'Netherlands', 'region_code': '', 'region_name': '', 'city': '', 'zip_code': '', 'time_zone': 'Europe/Amsterdam', 'latitude': 52.3824, 'longitude': 4.8995, 'metro_code': 0}",Europe/Amsterdam,52.3824,4.8995,"{'natural': 'Het IJ', 'road': 'De Ruijterkade', 'neighbourhood': 'Centrum', 'suburb': 'Amsterdam', 'city': 'Amsterdam', 'state': 'Noord-Holland', 'country': 'Nederland', 'postcode': '1012AA', 'country_code': 'nl'}"
157.231.250.83,"{'ip': '157.231.250.83', 'country_code': 'GB', 'country_name': 'United Kingdom', 'region_code': '', 'region_name': '', 'city': '', 'zip_code': '', 'time_zone': 'Europe/London', 'latitude': 51.4964, 'longitude': -0.1224, 'metro_code': 0}",Europe/London,51.4964,-0.1224,"{'man_made': 'Lambeth Pier', 'road': 'Lambeth Palace Road', 'quarter': 'South Bank', 'suburb': 'Lambeth', 'city': 'London Borough of Lambeth', 'state_district': 'Greater London', 'state': 'England', 'postcode': 'SE1 7XH', 'country': 'United Kingdom', 'country_code': 'gb'}"
159.154.69.252,"{'ip': '159.154.69.252', 'country_code': 'DE', 'country_name': 'Germany', 'region_code': '', 'region_name': '', 'city': '', 'zip_code': '', 'time_zone': 'Europe/Berlin', 'latitude': 51.2993, 'longitude': 9.491, 'metro_code': 0}",Europe/Berlin,51.2993,9.491,"{'natural': 'Aueteich', 'road': 'Auedamm', 'suburb': 'Südstadt', 'city': 'Kassel', 'state': 'Hessen', 'postcode': '34121', 'country': 'Deutschland', 'country_code': 'de'}"
16.145.133.134,"{'ip': '16.145.133.134', 'country_code': 'US', 'country_name': 'United States', 'region_code': '', 'region_name': '', 'city': '', 'zip_code': '', 'time_zone': 'America/Chicago', 'latitude': 37.751, 'longitude': -97.822, 'metro_code': 0}",America/Chicago,37.751,-97.822,"{'county': 'Reno County', 'state': 'Kansas', 'country': 'United States of America', 'country_code': 'us'}"
167.112.38.228,"{'ip': '167.112.38.228', 'country_code': 'US', 'country_name': 'United States', 'region_code': '', 'region_name': '', 'city': '', 'zip_code': '', 'time_zone': 'America/Chicago', 'latitude': 37.751, 'longitude': -97.822, 'metro_code': 0}",America/Chicago,37.751,-97.822,"{'county': 'Reno County', 'state': 'Kansas', 'country': 'United States of America', 'country_code': 'us'}"
17.50.37.151,"{'ip': '17.50.37.151', 'country_code': 'US', 'country_name': 'United States', 'region_code': '', 'region_name': '', 'city': '', 'zip_code': '', 'time_zone': 'America/Chicago', 'latitude': 37.751, 'longitude': -97.822, 'metro_code': 0}",America/Chicago,37.751,-97.822,"{'county': 'Reno County', 'state': 'Kansas', 'country': 'United States of America', 'country_code': 'us'}"
171.155.28.112,"{'ip': '171.155.28.112', 'country_code': 'US', 'country_name': 'United States', 'region_code': '', 'region_name': '', 'city': '', 'zip_code': '', 'time_zone': 'America/Chicago', 'latitude': 37.751, 'longitude': -97.822, 'metro_code': 0}",America/Chicago,37.751,-97.822,"{'county': 'Reno County', 'state': 'Kansas', 'country': 'United States of America', 'country_code': 'us'}"
176.184.203.213,"{'ip': '176.184.203.213', 'country_code': 'FR', 'country_name': 'France', 'region_code': 'NAQ', 'region_name': 'Nouvelle-Aquitaine', 'city': 'Poitiers', 'zip_code': '86000', 'time_zone': 'Europe/Paris', 'latitude': 46.5874, 'longitude': 0.3332, 'metro_code': 0}",Europe/Paris,46.5874,0.3332,"{'neighbourhood': 'Les Rocs', 'isolated_dwelling': 'Les Côteaux de Saint-Saturnin', 'city': 'Poitiers', 'municipality': 'Poitiers', 'county': 'Vienne', 'state': 'Nouvelle-Aquitaine', 'country': 'France', 'postcode': '86000', 'country_code': 'fr'}"
179.36.200.1,"{'ip': '179.36.200.1', 'country_code': 'AR', 'country_name': 'Argentina', 'region_code': 'B', 'region_name': 'Buenos Aires', 'city': 'Ciudad Evita', 'zip_code': '1778', 'time_zone': 'America/Argentina/Buenos_Aires', 'latitude': -34.724, 'longitude': -58.5337, 'metro_code': 0}",America/Argentina/Buenos_Aires,-34.724000000000004,-58.5337,"{'road': 'Martín Miguel de Güemes', 'town': 'Ciudad Evita', 'state_district': 'Partido de La Matanza', 'state': 'Buenos Aires', 'postcode': 'B1778FQA', 'country': 'Argentina', 'country_code': 'ar'}"
18.41.27.246,"{'ip': '18.41.27.246', 'country_code': 'US', 'country_name': 'United States', 'region_code': '', 'region_name': '', 'city': '', 'zip_code': '', 'time_zone': 'America/Chicago', 'latitude': 37.751, 'longitude': -97.822, 'metro_code': 0}",America/Chicago,37.751,-97.822,"{'county': 'Reno County', 'state': 'Kansas', 'country': 'United States of America', 'country_code': 'us'}"
180.111.150.224,"{'ip': '180.111.150.224', 'country_code': 'CN', 'country_name': 'China', 'region_code': 'JS', 'region_name': 'Jiangsu', 'city': 'Nanjing', 'zip_code': '', 'time_zone': 'Asia/Shanghai', 'latitude': 32.0617, 'longitude': 118.7778, 'metro_code': 0}",Asia/Shanghai,32.0617,118.7778,"{'leisure': '绿地广场-Greenland Square', 'road': '地铁出入口', 'suburb': '鼓楼区', 'city': '鼓楼区', 'state': '江苏省', 'postcode': '210008', 'country': 'China 中国', 'country_code': 'cn'}"
186.84.166.91,"{'ip': '186.84.166.91', 'country_code': 'CO', 'country_name': 'Colombia', 'region_code': 'SAN', 'region_name': 'Departamento de Santander', 'city': 'Bucaramanga', 'zip_code': '680001', 'time_zone': 'America/Bogota', 'latitude': 7.1251, 'longitude': -73.119, 'metro_code': 0}",America/Bogota,7.1251,-73.119,"{'city': 'Bucaramanga', 'county': 'Bucaramanga', 'state': 'Santander', 'postcode': '68006', 'country': 'Colombia', 'country_code': 'co'}"
188.141.26.144,"{'ip': '188.141.26.144', 'country_code': 'IE', 'country_name': 'Ireland', 'region_code': 'L', 'region_name': 'Leinster', 'city': 'Dublin', 'zip_code': 'D02', 'time_zone': 'Europe/Dublin', 'latitude': 53.3338, 'longitude': -6.2488, 'metro_code': 0}",Europe/Dublin,53.3338,-6.2488,"{'amenity': 'Wilton Terrace (Park)', 'road': 'Wilton Terrace', 'city_district': 'South Dock ED', 'district': 'Dublin 2', 'city': 'Dublin', 'county': 'County Dublin', 'state_district': 'Leinster', 'postcode': 'D04 Y9Y7', 'country': 'Ireland', 'country_code': 'ie'}"
188.44.204.45,"{'ip': '188.44.204.45', 'country_code': 'HU', 'country_name': 'Hungary', 'region_code': '', 'region_name': '', 'city': '', 'zip_code': '', 'time_zone': 'Europe/Budapest', 'latitude': 47.4919, 'longitude': 19.05, 'metro_code': 0}",Europe/Budapest,47.4919,19.05,"{'amenity': 'Petőfi tér Bigbus hop on hop off', 'road': 'Jane Haining rakpart', 'suburb': 'Belváros', 'borough': 'V. kerület', 'city': 'Budapest', 'region': 'Közép-Magyarország', 'postal_code': '1056', 'country': 'Magyarország', 'country_code': 'hu'}"
19.159.148.197,"{'ip': '19.159.148.197', 'country_code': 'US', 'country_name': 'United States', 'region_code': '', 'region_name': '', 'city': '', 'zip_code': '', 'time_zone': 'America/Chicago', 'latitude': 37.751, 'longitude': -97.822, 'metro_code': 0}",America/Chicago,37.751,-97.822,"{'county': 'Reno County', 'state': 'Kansas', 'country': 'United States of America', 'country_code': 'us'}"
194.241.47.6,"{'ip': '194.241.47.6', 'country_code': 'FI', 'country_name': 'Finland', 'region_code': '', 'region_name': '', 'city': '', 'zip_code': '', 'time_zone': 'Europe/Helsinki', 'latitude': 60.1717, 'longitude': 24.9349, 'metro_code': 0}",Europe/Helsinki,60.1717,24.9349,"{'suburb': 'Kamppi', 'city_district': 'Eteläinen suurpiiri', 'city': 'Helsinki', 'municipality': 'Helsingin seutukunta', 'county': 'Uusimaa', 'region': 'Manner-Suomi', 'country': 'Suomi', 'country_code': 'fi'}"
195.43.247.77,"{'ip': '195.43.247.77', 'country_code': 'SE', 'country_name': 'Sweden', 'region_code': '', 'region_name': '', 'city': '', 'zip_code': '', 'time_zone': 'Europe/Stockholm', 'latitude': 59.3247, 'longitude': 18.056, 'metro_code': 0}",Europe/Stockholm,59.3247,18.055999999999997,"{'tourism': 'Dansen', 'road': 'Stadshusträdgården', 'city_block': 'Eldkvarnen', 'suburb': 'Kungsholmen', 'city_district': 'Kungsholmens stadsdelsområde', 'city': 'Stockholm', 'municipality': 'Stockholms kommun', 'state': 'Stockholms län', 'region': 'Svealand', 'postcode': '11164', 'country': 'Sverige', 'country_code': 'se'}"
196.207.218.210,"{'ip': '196.207.218.210', 'country_code': 'SN', 'country_name': 'Senegal', 'region_code': '', 'region_name': '', 'city': '', 'zip_code': '', 'time_zone': 'Africa/Dakar', 'latitude': 14, 'longitude': -14, 'metro_code': 0}",Africa/Dakar,14.0,-14.0,"{'city': 'Tambacounda', 'region': 'Tambacounda', 'country': 'Sénégal', 'country_code': 'sn'}"
200.107.240.203,"{'ip': '200.107.240.203', 'country_code': 'BO', 'country_name': 'Bolivia', 'region_code': 'H', 'region_name': 'Departamento de Chuquisaca', 'city': 'Sucre', 'zip_code': '', 'time_zone': 'America/La_Paz', 'latitude': -19.0428, 'longitude': -65.2633, 'metro_code': 0}",America/La_Paz,-19.0428,-65.2633,"{'place': 'Parque Libertador Simón Bolívar', 'road': 'Calle Jaime Urriolagoitia', 'city': 'Municipio Sucre', 'county': 'Provincia Oropeza', 'state': 'Chuquisaca', 'postcode': '8380', 'country': 'Bolivia', 'country_code': 'bo'}"
201.11.188.29,"{'ip': '201.11.188.29', 'country_code': 'BR', 'country_name': 'Brazil', 'region_code': 'AC', 'region_name': 'Acre', 'city': 'Rio Branco', 'zip_code': '69900', 'time_zone': 'America/Rio_Branco', 'latitude': -9.9757, 'longitude': -67.8134, 'metro_code': 0}",America/Rio_Branco,-9.9757,-67.8134,"{'road': 'Avenida Beira Rio', 'residential': 'Vila Cidade Nova', 'city_district': 'Rio Branco', 'city': 'Rio Branco', 'municipality': 'Microrregião de Rio Branco', 'state_district': 'Região Geográfica Intermediária de Rio Branco', 'state': 'Acre', 'region': 'Região Norte', 'postcode': '69900108', 'country': 'Brasil', 'country_code': 'br'}"
201.135.20.44,"{'ip': '201.135.20.44', 'country_code': 'MX', 'country_name': 'Mexico', 'region_code': '', 'region_name': '', 'city': '', 'zip_code': '', 'time_zone': 'America/Mexico_City', 'latitude': 19.4371, 'longitude': -99.0111, 'metro_code': 0}",America/Mexico_City,19.4371,-99.0111,"{'natural': 'Lago de Regulación Churubusco', 'road': 'Calle Adolfo López Mateos', 'city': 'Nezahualcóyotl', 'county': 'Nezahualcóyotl', 'state': 'Estado de México', 'postcode': '57000', 'country': 'México', 'country_code': 'mx'}"
202.95.87.167,"{'ip': '202.95.87.167', 'country_code': 'SG', 'country_name': 'Singapore', 'region_code': '', 'region_name': '', 'city': 'Singapore', 'zip_code': '18', 'time_zone': 'Asia/Singapore', 'latitude': 1.2929, 'longitude': 103.8547, 'metro_code': 0}",Asia/Singapore,1.2929,103.8547,"{'building': 'Civilian War Memorial', 'road': 'Beach Road', 'suburb': 'Downtown Core', 'city': 'Singapore', 'county': 'Central', 'postcode': '178905', 'country': 'Singapore', 'country_code': 'sg'}"
206.74.98.36,"{'ip': '206.74.98.36', 'country_code': 'US', 'country_name': 'United States', 'region_code': 'NC', 'region_name': 'North Carolina', 'city': 'Brevard', 'zip_code': '28712', 'time_zone': 'America/New_York', 'latitude': 35.2233, 'longitude': -82.7456, 'metro_code': 567}",America/New_York,35.2233,-82.7456,"{'house_number': '433', 'road': 'Nicholson Creek Road', 'hamlet': 'Ducktown', 'town': 'Brevard', 'county': 'Transylvania County', 'state': 'North Carolina', 'postcode': '28712', 'country': 'United States of America', 'country_code': 'us'}"
21.181.31.230,"{'ip': '21.181.31.230', 'country_code': 'US', 'country_name': 'United States', 'region_code': '', 'region_name': '', 'city': '', 'zip_code': '', 'time_zone': 'America/Chicago', 'latitude': 37.751, 'longitude': -97.822, 'metro_code': 0}",America/Chicago,37.751,-97.822,"{'county': 'Reno County', 'state': 'Kansas', 'country': 'United States of America', 'country_code': 'us'}"
21.59.194.239,"{'ip': '21.59.194.239', 'country_code': 'US', 'country_name': 'United States', 'region_code': '', 'region_name': '', 'city': '', 'zip_code': '', 'time_zone': 'America/Chicago', 'latitude': 37.751, 'longitude': -97.822, 'metro_code': 0}",America/Chicago,37.751,-97.822,"{'county': 'Reno County', 'state': 'Kansas', 'country': 'United States of America', 'country_code': 'us'}"
210.160.170.33,"{'ip': '210.160.170.33', 'country_code': 'JP', 'country_name': 'Japan', 'region_code': '13', 'region_name': 'Tokyo', 'city': 'Tokyo', 'zip_code': '102-0082', 'time_zone': 'Asia/Tokyo', 'latitude': 35.6882, 'longitude': 139.7532, 'metro_code': 0}",Asia/Tokyo,35.6882,139.7532,"{'natural': '乾濠', 'road': '代官町通り', 'quarter': '北の丸公園', 'city': '千代田区', 'postcode': '102-8322', 'country': '日本 (Japan)', 'country_code': 'jp'}"
212.100.57.4,"{'ip': '212.100.57.4', 'country_code': 'DE', 'country_name': 'Germany', 'region_code': 'NW', 'region_name': 'North Rhine-Westphalia', 'city': 'Delbrueck', 'zip_code': '33129', 'time_zone': 'Europe/Berlin', 'latitude': 51.7802, 'longitude': 8.484, 'metro_code': 0}",Europe/Berlin,51.7802,8.484,"{'house_number': '112', 'road': 'Rietberger Straße', 'suburb': 'Westerloh', 'town': 'Delbrück', 'county': 'Kreis Paderborn', 'state': 'Nordrhein-Westfalen', 'postcode': '33129', 'country': 'Deutschland', 'country_code': 'de'}"
214.211.240.175,"{'ip': '214.211.240.175', 'country_code': 'US', 'country_name': 'United States', 'region_code': '', 'region_name': '', 'city': '', 'zip_code': '', 'time_zone': 'America/Chicago', 'latitude': 37.751, 'longitude': -97.822, 'metro_code': 0}",America/Chicago,37.751,-97.822,"{'county': 'Reno County', 'state': 'Kansas', 'country': 'United States of America', 'country_code': 'us'}"
216.19.42.70,"{'ip': '216.19.42.70', 'country_code': 'US', 'country_name': 'United States', 'region_code': 'AZ', 'region_name': 'Arizona', 'city': 'Flagstaff', 'zip_code': '86004', 'time_zone': 'America/Phoenix', 'latitude': 35.2303, 'longitude': -111.5791, 'metro_code': 753}",America/Phoenix,35.2303,-111.5791,"{'amenity': 'Mount Elden Trailhead parking', 'road': 'North 89 Trail', 'neighbourhood': 'Christmas Tree Estates', 'suburb': 'East Flagstaff', 'city': 'Flagstaff', 'county': 'Coconino County', 'state': 'Arizona', 'postcode': '86004', 'country': 'United States of America', 'country_code': 'us'}"
216.81.134.119,"{'ip': '216.81.134.119', 'country_code': 'US', 'country_name': 'United States', 'region_code': 'IA', 'region_name': 'Iowa', 'city': 'Grimes', 'zip_code': '50111', 'time_zone': 'America/Chicago', 'latitude': 41.7026, 'longitude': -93.7832, 'metro_code': 679}",America/Chicago,41.7026,-93.7832,"{'road': 'Northeast Beaverbrooke Boulevard', 'city': 'Grimes', 'county': 'Polk County', 'state': 'Iowa', 'postcode': '50111', 'country': 'United States of America', 'country_code': 'us'}"
217.110.22.20,"{'ip': '217.110.22.20', 'country_code': 'DE', 'country_name': 'Germany', 'region_code': 'HE', 'region_name': 'Hesse', 'city': 'Frankfurt am Main', 'zip_code': '60313', 'time_zone': 'Europe/Berlin', 'latitude': 50.1188, 'longitude': 8.6843, 'metro_code': 0}",Europe/Berlin,50.1188,8.6843,"{'road': 'Eschenheimer Anlage', 'suburb': 'Innenstadt', 'city_district': 'Innenstadt 1', 'city': 'Frankfurt am Main', 'state': 'Hessen', 'postcode': '60313', 'country': 'Deutschland', 'country_code': 'de'}"
220.172.230.52,"{'ip': '220.172.230.52', 'country_code': 'CN', 'country_name': 'China', 'region_code': '', 'region_name': '', 'city': '', 'zip_code': '', 'time_zone': 'Asia/Shanghai', 'latitude': 34.7725, 'longitude': 113.7266, 'metro_code': 0}",Asia/Shanghai,34.7725,113.7266,"{'road': '商务内环路', 'quarter': '如意湖街道', 'district': '金水区', 'city': '郑州市', 'state': '河南省', 'postcode': '450003', 'country': 'China 中国', 'country_code': 'cn'}"
220.206.187.242,"{'ip': '220.206.187.242', 'country_code': 'CN', 'country_name': 'China', 'region_code': '', 'region_name': '', 'city': '', 'zip_code': '', 'time_zone': 'Asia/Shanghai', 'latitude': 34.7725, 'longitude': 113.7266, 'metro_code': 0}",Asia/Shanghai,34.7725,113.7266,"{'road': '商务内环路', 'quarter': '如意湖街道', 'district': '金水区', 'city': '郑州市', 'state': '河南省', 'postcode': '450003', 'country': 'China 中国', 'country_code': 'cn'}"
27.7.78.123,"{'ip': '27.7.78.123', 'country_code': 'IN', 'country_name': 'India', 'region_code': 'TN', 'region_name': 'Tamil Nadu', 'city': 'Chennai', 'zip_code': '600042', 'time_zone': 'Asia/Kolkata', 'latitude': 13.086, 'longitude': 80.2751, 'metro_code': 0}",Asia/Kolkata,13.085999999999999,80.2751,"{'road': 'Wall Tax Road', 'suburb': 'Ward 54', 'city_district': 'Zone 5 Royapuram', 'city': 'சென்னை - Chennai', 'state_district': 'Chennai district', 'state': 'Tamil Nadu', 'postcode': '60003', 'country': 'India', 'country_code': 'in'}"
28.188.133.55,"{'ip': '28.188.133.55', 'country_code': 'US', 'country_name': 'United States', 'region_code': '', 'region_name': '', 'city': '', 'zip_code': '', 'time_zone': 'America/Chicago', 'latitude': 37.751, 'longitude': -97.822, 'metro_code': 0}",America/Chicago,37.751,-97.822,"{'county': 'Reno County', 'state': 'Kansas', 'country': 'United States of America', 'country_code': 'us'}"
28.241.94.214,"{'ip': '28.241.94.214', 'country_code': 'US', 'country_name': 'United States', 'region_code': '', 'region_name': '', 'city': '', 'zip_code': '', 'time_zone': 'America/Chicago', 'latitude': 37.751, 'longitude': -97.822, 'metro_code': 0}",America/Chicago,37.751,-97.822,"{'county': 'Reno County', 'state': 'Kansas', 'country': 'United States of America', 'country_code': 'us'}"
42.129.166.22,"{'ip': '42.129.166.22', 'country_code': 'CN', 'country_name': 'China', 'region_code': '', 'region_name': '', 'city': '', 'zip_code': '', 'time_zone': 'Asia/Shanghai', 'latitude': 34.7725, 'longitude': 113.7266, 'metro_code': 0}",Asia/Shanghai,34.7725,113.7266,"{'road': '商务内环路', 'quarter': '如意湖街道', 'district': '金水区', 'city': '郑州市', 'state': '河南省', 'postcode': '450003', 'country': 'China 中国', 'country_code': 'cn'}"
44.35.190.1,"{'ip': '44.35.190.1', 'country_code': 'US', 'country_name': 'United States', 'region_code': '', 'region_name': '', 'city': '', 'zip_code': '', 'time_zone': 'America/Chicago', 'latitude': 37.751, 'longitude': -97.822, 'metro_code': 0}",America/Chicago,37.751,-97.822,"{'county': 'Reno County', 'state': 'Kansas', 'country': 'United States of America', 'country_code': 'us'}"
46.157.238.60,"{'ip': '46.157.238.60', 'country_code': 'NO', 'country_name': 'Norway', 'region_code': '38', 'region_name': 'Vestfold og Telemark', 'city': 'Asgardstrand', 'zip_code': '3179', 'time_zone': 'Europe/Oslo', 'latitude': 59.3458, 'longitude': 10.461, 'metro_code': 0}",Europe/Oslo,59.3458,10.460999999999999,"{'road': 'Spettåsveien', 'neighbourhood': 'Øderydningen', 'isolated_dwelling': 'Nygård', 'town': 'Åsgårdstrand', 'county': 'Vestfold og Telemark', 'postcode': '3179', 'country': 'Norge', 'country_code': 'no'}"
47.255.56.179,"{'ip': '47.255.56.179', 'country_code': 'US', 'country_name': 'United States', 'region_code': '', 'region_name': '', 'city': '', 'zip_code': '', 'time_zone': 'America/Chicago', 'latitude': 37.751, 'longitude': -97.822, 'metro_code': 0}",America/Chicago,37.751,-97.822,"{'county': 'Reno County', 'state': 'Kansas', 'country': 'United States of America', 'country_code': 'us'}"
47.5.97.11,"{'ip': '47.5.97.11', 'country_code': 'US', 'country_name': 'United States', 'region_code': 'MT', 'region_name': 'Montana', 'city': 'Polson', 'zip_code': '59860', 'time_zone': 'America/Denver', 'latitude': 47.6861, 'longitude': -114.1324, 'metro_code': 762}",America/Denver,47.6861,-114.1324,"{'road': 'Long Lake Drive', 'hamlet': 'Belle-Vue Court', 'town': 'Polson', 'county': 'Lake County', 'state': 'Montana', 'country': 'United States of America', 'country_code': 'us'}"
48.29.35.159,"{'ip': '48.29.35.159', 'country_code': 'US', 'country_name': 'United States', 'region_code': '', 'region_name': '', 'city': '', 'zip_code': '', 'time_zone': 'America/Chicago', 'latitude': 37.751, 'longitude': -97.822, 'metro_code': 0}",America/Chicago,37.751,-97.822,"{'county': 'Reno County', 'state': 'Kansas', 'country': 'United States of America', 'country_code': 'us'}"
5.32.202.60,"{'ip': '5.32.202.60', 'country_code': 'OM', 'country_name': 'Oman', 'region_code': '', 'region_name': '', 'city': '', 'zip_code': '', 'time_zone': 'Asia/Muscat', 'latitude': 21, 'longitude': 57, 'metro_code': 0}",Asia/Muscat,21.0,57.0,
52.46.105.57,"{'ip': '52.46.105.57', 'country_code': 'US', 'country_name': 'United States', 'region_code': 'OH', 'region_name': 'Ohio', 'city': 'Columbus', 'zip_code': '43215', 'time_zone': 'America/New_York', 'latitude': 39.9653, 'longitude': -83.0235, 'metro_code': 535}",America/New_York,39.9653,-83.0235,"{'road': 'Scioto Trail', 'quarter': 'Franklinton', 'city': 'Columbus', 'county': 'Franklin County', 'state': 'Ohio', 'postcode': '43222', 'country': 'United States of America', 'country_code': 'us'}"
52.60.51.192,"{'ip': '52.60.51.192', 'country_code': 'CA', 'country_name': 'Canada', 'region_code': 'QC', 'region_name': 'Quebec', 'city': 'Montreal', 'zip_code': 'H3G', 'time_zone': 'America/Toronto', 'latitude': 45.4995, 'longitude': -73.5848, 'metro_code': 0}",America/Toronto,45.4995,-73.5848,"{'house_number': '3728', 'road': 'Rue Redpath', 'neighbourhood': 'Montagne', 'suburb': 'Ville-Marie', 'city': 'Montréal', 'county': 'Agglomération de Montréal', 'region': 'Montréal (06)', 'state': 'Québec', 'postcode': 'H3G 1A8', 'country': 'Canada', 'country_code': 'ca'}"
56.223.41.49,"{'ip': '56.223.41.49', 'country_code': 'US', 'country_name': 'United States', 'region_code': '', 'region_name': '', 'city': '', 'zip_code': '', 'time_zone': 'America/Chicago', 'latitude': 37.751, 'longitude': -97.822, 'metro_code': 0}",America/Chicago,37.751,-97.822,"{'county': 'Reno County', 'state': 'Kansas', 'country': 'United States of America', 'country_code': 'us'}"
6.134.42.141,"{'ip': '6.134.42.141', 'country_code': 'US', 'country_name': 'United States', 'region_code': '', 'region_name': '', 'city': '', 'zip_code': '', 'time_zone': 'America/Chicago', 'latitude': 37.751, 'longitude': -97.822, 'metro_code': 0}",America/Chicago,37.751,-97.822,"{'county': 'Reno County', 'state': 'Kansas', 'country': 'United States of America', 'country_code': 'us'}"
6.92.1.241,"{'ip': '6.92.1.241', 'country_code': 'US', 'country_name': 'United States', 'region_code': '', 'region_name': '', 'city': '', 'zip_code': '', 'time_zone': 'America/Chicago', 'latitude': 37.751, 'longitude': -97.822, 'metro_code': 0}",America/Chicago,37.751,-97.822,"{'county': 'Reno County', 'state': 'Kansas', 'country': 'United States of America', 'country_code': 'us'}"
62.219.73.159,"{'ip': '62.219.73.159', 'country_code': 'IL', 'country_name': 'Israel', 'region_code': 'M', 'region_name': 'Central District', 'city': 'Rehovot', 'zip_code': '', 'time_zone': 'Asia/Jerusalem', 'latitude': 31.8943, 'longitude': 34.8192, 'metro_code': 0}",Asia/Jerusalem,31.8943,34.8192,"{'house_number': '13א', 'road': 'הבעש""ט', 'neighbourhood': 'דניה', 'hamlet': 'היובל', 'town': 'רחובות', 'state': 'מחוז המרכז', 'postcode': 'no', 'country': 'ישראל', 'country_code': 'il'}"
63.55.206.123,"{'ip': '63.55.206.123', 'country_code': 'US', 'country_name': 'United States', 'region_code': '', 'region_name': '', 'city': '', 'zip_code': '', 'time_zone': 'America/Chicago', 'latitude': 37.751, 'longitude': -97.822, 'metro_code': 0}",America/Chicago,37.751,-97.822,"{'county': 'Reno County', 'state': 'Kansas', 'country': 'United States of America', 'country_code': 'us'}"
64.168.2.112,"{'ip': '64.168.2.112', 'country_code': 'US', 'country_name': 'United States', 'region_code': '', 'region_name': '', 'city': '', 'zip_code': '', 'time_zone': 'America/Chicago', 'latitude': 37.751, 'longitude': -97.822, 'metro_code': 0}",America/Chicago,37.751,-97.822,"{'county': 'Reno County', 'state': 'Kansas', 'country': 'United States of America', 'country_code': 'us'}"
69.68.191.53,"{'ip': '69.68.191.53', 'country_code': 'US', 'country_name': 'United States', 'region_code': 'VA', 'region_name': 'Virginia', 'city': 'Moneta', 'zip_code': '24121', 'time_zone': 'America/New_York', 'latitude': 37.1817, 'longitude': -79.6507, 'metro_code': 573}",America/New_York,37.1817,-79.6507,"{'road': 'Amy Lane', 'hamlet': 'Meador', 'village': 'Moneta', 'county': 'Bedford County', 'state': 'Virginia', 'postcode': '24121', 'country': 'United States of America', 'country_code': 'us'}"
71.129.36.201,"{'ip': '71.129.36.201', 'country_code': 'US', 'country_name': 'United States', 'region_code': 'CA', 'region_name': 'California', 'city': 'Santa Ana', 'zip_code': '92704', 'time_zone': 'America/Los_Angeles', 'latitude': 33.7256, 'longitude': -117.9119, 'metro_code': 803}",America/Los_Angeles,33.7256,-117.9119,"{'road': 'West Centennial Road', 'hamlet': 'Santa Ana Gardens', 'city': 'Santa Ana', 'county': 'Orange County', 'state': 'California', 'postcode': '92704', 'country': 'United States of America', 'country_code': 'us'}"
71.233.150.33,"{'ip': '71.233.150.33', 'country_code': 'US', 'country_name': 'United States', 'region_code': 'MA', 'region_name': 'Massachusetts', 'city': 'Cambridge', 'zip_code': '02138', 'time_zone': 'America/New_York', 'latitude': 42.3737, 'longitude': -71.1284, 'metro_code': 506}",America/New_York,42.3737,-71.1284,"{'road': 'Dr. Paul Dudley White Path', 'neighbourhood': 'Old Cambridge', 'city': 'Cambridge', 'county': 'Middlesex County', 'state': 'Massachusetts', 'postcode': '02163', 'country': 'United States of America', 'country_code': 'us'}"
9.16.217.175,"{'ip': '9.16.217.175', 'country_code': 'US', 'country_name': 'United States', 'region_code': '', 'region_name': '', 'city': '', 'zip_code': '', 'time_zone': 'America/Chicago', 'latitude': 37.751, 'longitude': -97.822, 'metro_code': 0}",America/Chicago,37.751,-97.822,"{'county': 'Reno County', 'state': 'Kansas', 'country': 'United States of America', 'country_code': 'us'}"
9.218.219.223,"{'ip': '9.218.219.223', 'country_code': 'US', 'country_name': 'United States', 'region_code': '', 'region_name': '', 'city': '', 'zip_code': '', 'time_zone': 'America/Chicago', 'latitude': 37.751, 'longitude': -97.822, 'metro_code': 0}",America/Chicago,37.751,-97.822,"{'county': 'Reno County', 'state': 'Kansas', 'country': 'United States of America', 'country_code': 'us'}"
94.2.108.135,"{'ip': '94.2.108.135', 'country_code': 'GB', 'country_name': 'United Kingdom', 'region_code': 'ENG', 'region_name': 'England', 'city': 'Chatham', 'zip_code': 'ME4', 'time_zone': 'Europe/London', 'latitude': 51.4003, 'longitude': 0.5291, 'metro_code': 0}",Europe/London,51.4003,0.5291,"{'man_made': 'Medway Tunnel', 'road': 'Medway Tunnel', 'suburb': 'Frindsbury Extra', 'village': 'Frindsbury', 'county': 'Medway', 'state_district': 'South East', 'state': 'England', 'postcode': 'ME2 4XQ', 'country': 'United Kingdom', 'country_code': 'gb'}"
96.79.252.178,"{'ip': '96.79.252.178', 'country_code': 'US', 'country_name': 'United States', 'region_code': 'CO', 'region_name': 'Colorado', 'city': 'Denver', 'zip_code': '80220', 'time_zone': 'America/Denver', 'latitude': 39.7301, 'longitude': -104.9078, 'metro_code': 751}",America/Denver,39.7301,-104.9078,"{'house_number': '870', 'road': 'Oneida Street', 'city': 'Denver', 'county': 'Denver County', 'state': 'Colorado', 'postcode': '80220', 'country': 'United States of America', 'country_code': 'us'}"
98.33.176.47,"{'ip': '98.33.176.47', 'country_code': 'US', 'country_name': 'United States', 'region_code': '', 'region_name': '', 'city': '', 'zip_code': '', 'time_zone': 'America/Chicago', 'latitude': 37.751, 'longitude': -97.822, 'metro_code': 0}",America/Chicago,37.751,-97.822,"{'county': 'Reno County', 'state': 'Kansas', 'country': 'United States of America', 'country_code': 'us'}"
